machine_id,maker,shift,avg_vibration,avg_temp_c,throughput_units,prior_defect_rate,machine_age_years,high_defect
M-03,Brunner,night,4.83,64.9,485.4,0.087,11,1
M-06,Voss,night,3.48,57.1,497.0,0.055,2,0
M-07,Brunner,day,4.68,66.6,519.5,0.101,12,1
M-06,Voss,night,3.33,57.6,558.5,0.053,2,0
M-06,Voss,night,4.22,56.4,525.3,0.087,2,0
M-06,Voss,day,3.59,60.3,505.1,0.074,2,0
M-03,Brunner,day,3.97,67.8,435.9,0.082,11,0
M-06,Voss,day,3.01,57.1,575.5,0.055,2,0
M-08,Hokuto,day,3.57,58.9,498.8,0.045,4,1
M-08,Hokuto,day,3.13,61.6,479.1,0.086,4,0
M-05,Voss,day,3.72,55.6,495.9,0.05,5,0
M-06,Voss,day,2.37,55.8,491.9,0.051,2,0
M-04,Brunner,night,2.93,65.8,525.7,0.069,3,1
M-05,Voss,day,4.0,64.6,458.6,0.063,5,1
M-08,Hokuto,day,3.59,58.3,533.1,0.082,4,0
M-08,Hokuto,day,3.65,58.2,530.4,0.028,4,1
M-01,Hokuto,night,3.93,62.2,555.0,0.128,6,1
M-07,Brunner,night,4.56,68.1,391.7,0.125,12,1
M-01,Hokuto,day,3.78,59.2,466.4,0.11,6,1
M-01,Hokuto,night,3.39,64.0,463.4,0.095,6,1
M-02,Hokuto,day,3.64,60.4,500.0,0.043,4,0
M-01,Hokuto,day,3.49,66.5,523.5,0.044,6,1
M-07,Brunner,day,4.14,63.4,395.5,0.13,12,1
M-02,Hokuto,day,3.7,61.7,488.3,0.047,4,0
M-08,Hokuto,night,3.01,57.0,586.0,0.08,4,0
M-01,Hokuto,night,3.13,62.8,496.0,0.077,6,0
M-07,Brunner,day,4.71,71.2,478.6,0.097,12,1
M-06,Voss,day,3.7,53.6,555.5,0.053,2,0
M-04,Brunner,day,3.23,65.4,430.9,0.073,3,0
M-06,Voss,day,3.07,60.8,498.5,0.059,2,0
M-08,Hokuto,night,3.15,60.3,540.0,0.096,4,1
M-04,Brunner,night,2.24,59.8,473.7,0.063,3,0
M-07,Brunner,night,4.44,70.3,544.5,0.128,12,1
M-03,Brunner,night,4.78,60.8,411.6,0.144,11,1
M-05,Voss,night,3.38,58.1,549.3,0.116,5,1
M-05,Voss,night,3.47,59.5,502.8,0.094,5,0
M-08,Hokuto,day,3.08,65.5,505.5,0.046,4,1
M-02,Hokuto,night,3.02,52.2,467.5,0.058,4,0
M-01,Hokuto,day,3.58,62.2,454.0,0.028,6,0
M-04,Brunner,night,2.71,56.0,464.8,0.134,3,0
M-06,Voss,night,2.67,54.6,550.8,0.104,2,1
M-03,Brunner,day,3.99,68.0,494.1,0.12,11,1
M-07,Brunner,day,4.29,66.6,417.8,0.12,12,1
M-05,Voss,day,2.87,62.4,466.0,0.052,5,0
M-08,Hokuto,day,3.29,56.3,545.1,0.07,4,0
M-02,Hokuto,day,2.75,57.4,438.6,0.066,4,0
M-06,Voss,night,3.98,55.2,502.1,0.077,2,1
M-08,Hokuto,night,2.93,62.6,482.3,0.084,4,1
M-05,Voss,night,4.1,64.2,467.8,0.098,5,1
M-08,Hokuto,day,3.27,62.6,525.8,0.081,4,0
M-06,Voss,night,3.38,56.1,484.7,0.103,2,0
M-04,Brunner,day,4.06,58.8,509.1,0.036,3,0
M-01,Hokuto,day,2.88,55.9,474.7,0.063,6,0
M-05,Voss,day,3.5,62.5,469.7,0.065,5,1
M-08,Hokuto,day,2.6,60.9,543.1,0.058,4,0
M-02,Hokuto,night,3.22,61.7,457.6,0.075,4,1
M-01,Hokuto,day,4.19,60.7,493.9,0.059,6,0
M-06,Voss,night,3.55,60.2,528.4,0.067,2,1
M-04,Brunner,day,4.01,52.9,527.7,0.091,3,0
M-01,Hokuto,day,4.2,57.8,499.8,0.08,6,0
M-05,Voss,day,3.59,64.4,462.8,0.046,5,1
M-04,Brunner,night,3.09,61.0,480.3,0.086,3,1
M-08,Hokuto,night,2.15,57.5,510.6,0.054,4,0
M-02,Hokuto,night,3.39,56.5,531.4,0.09,4,0
M-05,Voss,night,2.55,60.3,527.7,0.092,5,0
M-08,Hokuto,day,4.18,57.6,548.9,0.065,4,0
M-06,Voss,day,3.97,56.4,527.7,0.06,2,1
M-05,Voss,day,3.62,62.0,489.5,0.085,5,0
M-04,Brunner,night,2.91,64.5,504.7,0.081,3,1
M-05,Voss,night,3.16,66.8,529.9,0.099,5,0
M-02,Hokuto,day,2.59,60.6,521.7,0.089,4,0
M-03,Brunner,night,4.71,63.2,470.9,0.121,11,1
M-06,Voss,day,2.37,53.0,523.0,0.035,2,0
M-03,Brunner,night,4.19,68.6,445.1,0.099,11,1
M-08,Hokuto,day,4.04,56.3,480.9,0.08,4,1
M-01,Hokuto,day,3.05,59.4,565.2,0.085,6,0
M-04,Brunner,day,3.44,56.8,522.5,0.054,3,0
M-06,Voss,day,2.46,61.4,472.8,0.037,2,0
M-08,Hokuto,night,3.97,60.6,539.0,0.07,4,1
M-05,Voss,day,2.84,63.4,533.2,0.102,5,1
M-07,Brunner,night,4.85,62.6,488.6,0.089,12,1
M-02,Hokuto,night,3.42,58.7,516.0,0.085,4,1
M-05,Voss,night,2.89,63.1,509.7,0.089,5,1
M-06,Voss,day,2.83,60.5,524.5,0.045,2,0
M-08,Hokuto,night,3.79,67.1,498.7,0.094,4,1
M-05,Voss,night,3.82,64.2,556.7,0.104,5,1
M-04,Brunner,day,2.92,61.9,513.3,0.096,3,0
M-04,Brunner,night,3.27,57.6,487.7,0.076,3,0
M-04,Brunner,night,2.85,60.0,514.2,0.101,3,1
M-01,Hokuto,night,3.58,65.2,477.3,0.099,6,1
M-02,Hokuto,night,2.52,61.2,462.0,0.056,4,0
M-01,Hokuto,day,3.41,64.8,542.3,0.054,6,0
M-06,Voss,day,3.63,57.1,515.8,0.085,2,0
M-05,Voss,night,3.48,61.2,516.3,0.082,5,0
M-03,Brunner,night,3.58,66.9,481.9,0.106,11,1
M-06,Voss,day,2.55,55.9,479.4,0.066,2,0
M-07,Brunner,day,4.48,71.6,506.5,0.114,12,1
M-02,Hokuto,day,4.42,62.1,588.2,0.084,4,1
M-04,Brunner,day,3.31,54.6,564.6,0.087,3,0
M-08,Hokuto,night,3.4,60.5,503.1,0.103,4,1
M-06,Voss,day,3.52,57.0,537.9,0.065,2,0
M-06,Voss,day,2.73,62.3,454.0,0.021,2,0
M-01,Hokuto,night,2.82,57.4,479.5,0.058,6,0
M-06,Voss,night,2.42,57.2,504.8,0.034,2,0
M-08,Hokuto,night,3.88,59.2,465.4,0.111,4,1
M-01,Hokuto,day,2.78,60.3,504.2,0.046,6,0
M-02,Hokuto,day,3.72,61.7,572.1,0.098,4,0
M-05,Voss,day,3.7,60.8,454.7,0.045,5,0
M-02,Hokuto,night,2.92,57.5,425.6,0.114,4,0
M-01,Hokuto,day,3.43,61.9,504.8,0.093,6,0
M-05,Voss,night,3.71,61.5,482.9,0.099,5,1
M-02,Hokuto,night,3.17,60.0,502.3,0.124,4,0
M-07,Brunner,day,4.3,67.9,472.9,0.068,12,1
M-05,Voss,day,4.45,54.3,588.5,0.038,5,0
M-08,Hokuto,night,3.54,64.2,556.7,0.098,4,1
M-04,Brunner,day,3.74,60.1,441.3,0.028,3,1
M-07,Brunner,night,4.17,60.9,495.8,0.1,12,1
M-03,Brunner,night,4.58,63.2,425.8,0.137,11,1
M-07,Brunner,day,4.29,64.5,459.8,0.125,12,1
M-02,Hokuto,day,2.81,70.4,517.4,0.075,4,0
M-02,Hokuto,night,2.57,58.6,566.4,0.104,4,0
M-02,Hokuto,night,3.08,62.6,502.3,0.105,4,1
M-04,Brunner,day,3.28,59.2,473.7,0.036,3,0
M-07,Brunner,night,4.1,70.0,442.7,0.11,12,1
M-03,Brunner,night,3.69,64.0,492.7,0.115,11,1
M-04,Brunner,day,3.71,56.3,554.4,0.028,3,0
M-07,Brunner,night,4.57,70.2,511.2,0.123,12,1
M-06,Voss,day,2.5,55.2,489.1,0.025,2,0
M-07,Brunner,day,4.33,62.1,445.7,0.061,12,1
M-03,Brunner,night,4.67,66.8,512.6,0.092,11,1
M-01,Hokuto,night,3.82,64.3,484.7,0.072,6,1
M-08,Hokuto,day,2.69,65.6,474.7,0.06,4,1
M-07,Brunner,day,4.01,65.1,439.2,0.091,12,1
M-04,Brunner,day,2.77,61.8,423.7,0.055,3,1
M-02,Hokuto,night,2.98,59.8,527.2,0.051,4,0
M-07,Brunner,night,4.34,60.9,514.9,0.103,12,1
M-07,Brunner,night,3.47,64.0,466.2,0.112,12,1
M-06,Voss,day,3.76,58.4,444.7,0.046,2,1
M-05,Voss,day,3.18,57.3,476.2,0.033,5,0
M-02,Hokuto,day,2.37,54.1,549.8,0.049,4,0
M-05,Voss,night,3.59,60.5,398.7,0.061,5,0
M-04,Brunner,day,3.48,60.4,487.6,0.081,3,0
M-01,Hokuto,day,3.29,60.2,468.1,0.061,6,0
M-01,Hokuto,day,2.97,65.6,533.4,0.09,6,0
M-06,Voss,night,3.4,58.5,470.7,0.084,2,1
M-05,Voss,day,3.68,59.0,523.0,0.077,5,0
M-05,Voss,night,3.72,61.6,570.5,0.1,5,1
M-05,Voss,night,2.91,60.5,501.3,0.087,5,1
M-04,Brunner,night,3.18,55.0,573.4,0.098,3,1
M-08,Hokuto,night,3.33,61.1,438.2,0.114,4,1
M-02,Hokuto,night,3.46,55.6,481.4,0.099,4,0
M-08,Hokuto,day,2.99,62.3,399.5,0.033,4,0
M-05,Voss,day,4.12,64.0,484.8,0.05,5,0
M-07,Brunner,day,4.01,65.8,442.7,0.07,12,1
M-04,Brunner,day,3.05,60.6,468.8,0.079,3,0
M-01,Hokuto,night,3.47,65.3,469.8,0.106,6,1
M-08,Hokuto,night,3.0,57.7,506.2,0.089,4,0
M-05,Voss,night,3.7,63.1,441.9,0.078,5,1
M-02,Hokuto,night,3.02,65.1,500.4,0.099,4,1
M-04,Brunner,day,2.89,57.4,522.2,0.061,3,0
M-04,Brunner,day,2.82,55.8,526.7,0.039,3,0
M-02,Hokuto,day,3.61,61.8,509.0,0.068,4,0
M-08,Hokuto,day,3.08,59.7,485.7,0.101,4,0
M-06,Voss,day,3.14,58.7,447.0,0.039,2,0
M-04,Brunner,day,3.42,60.1,600.3,0.064,3,0
M-02,Hokuto,night,2.85,57.1,514.1,0.103,4,0
M-08,Hokuto,day,3.68,64.9,572.4,0.036,4,0
M-04,Brunner,night,3.4,52.5,535.2,0.091,3,0
M-07,Brunner,day,3.67,61.6,463.2,0.113,12,1
M-02,Hokuto,night,2.65,53.7,513.5,0.094,4,0
M-03,Brunner,night,5.15,61.4,451.3,0.107,11,1
M-07,Brunner,night,3.93,71.0,547.2,0.097,12,1
M-07,Brunner,night,5.36,64.9,524.7,0.13,12,1
M-01,Hokuto,night,4.16,60.2,514.6,0.088,6,1
M-05,Voss,night,2.72,60.5,564.5,0.128,5,0
M-05,Voss,night,3.09,57.0,477.8,0.08,5,1
M-03,Brunner,day,3.89,65.9,499.8,0.121,11,1
M-02,Hokuto,day,4.24,64.1,532.7,0.047,4,1
M-06,Voss,night,2.31,59.9,526.0,0.084,2,0
M-02,Hokuto,night,3.31,63.9,559.5,0.125,4,1
M-07,Brunner,day,3.37,69.0,475.2,0.127,12,1
M-03,Brunner,day,4.69,65.4,421.2,0.123,11,1
M-02,Hokuto,day,2.53,62.7,484.7,0.078,4,0
M-05,Voss,day,3.03,59.5,451.8,0.067,5,0
M-08,Hokuto,night,4.0,59.7,471.9,0.046,4,1
M-08,Hokuto,day,2.66,64.3,475.0,0.084,4,0
M-06,Voss,night,3.63,58.4,496.2,0.062,2,1
M-03,Brunner,night,3.71,61.1,453.7,0.131,11,0
M-02,Hokuto,day,3.28,58.8,456.2,0.062,4,0
M-05,Voss,day,3.7,61.8,519.4,0.066,5,0
M-02,Hokuto,night,2.66,60.5,461.1,0.09,4,0
M-01,Hokuto,night,3.06,58.2,531.4,0.12,6,0
M-02,Hokuto,night,3.41,61.6,564.5,0.082,4,1
M-03,Brunner,day,3.18,65.3,428.3,0.108,11,1
M-07,Brunner,night,4.17,68.1,437.7,0.141,12,1
M-05,Voss,day,2.88,58.6,515.8,0.085,5,0
M-05,Voss,day,2.88,62.7,633.8,0.07,5,0
M-01,Hokuto,day,3.05,58.3,511.4,0.041,6,0
M-08,Hokuto,night,3.68,59.4,495.0,0.085,4,0
M-06,Voss,night,3.35,60.5,500.3,0.101,2,0
M-01,Hokuto,night,3.22,61.1,476.3,0.097,6,1
M-03,Brunner,day,4.32,64.1,445.8,0.104,11,1
M-01,Hokuto,night,2.2,61.4,485.3,0.071,6,0
M-06,Voss,night,3.43,56.9,558.9,0.075,2,1
M-06,Voss,night,3.3,58.3,474.8,0.071,2,0
M-08,Hokuto,night,3.99,61.8,544.8,0.095,4,1
M-07,Brunner,day,4.12,70.8,465.8,0.134,12,1
M-07,Brunner,night,4.2,64.0,458.5,0.113,12,1
M-05,Voss,night,3.04,56.8,436.2,0.093,5,0
M-06,Voss,day,2.46,61.9,513.3,0.1,2,0
M-03,Brunner,night,4.35,61.0,434.4,0.11,11,1
M-08,Hokuto,night,3.19,63.1,541.1,0.119,4,0
M-08,Hokuto,day,3.25,62.5,575.2,0.058,4,0
M-03,Brunner,day,4.11,62.4,411.8,0.102,11,0
M-05,Voss,day,3.24,58.7,469.5,0.058,5,0
M-05,Voss,night,3.24,62.5,601.9,0.119,5,1
M-08,Hokuto,day,2.74,61.8,471.4,0.045,4,0
M-04,Brunner,day,2.35,56.5,437.1,0.066,3,0
M-07,Brunner,day,2.98,67.7,401.5,0.087,12,1
M-07,Brunner,night,4.87,68.7,468.5,0.088,12,1
M-07,Brunner,night,3.5,63.4,495.1,0.119,12,1
M-07,Brunner,night,3.92,65.3,416.9,0.099,12,1
M-02,Hokuto,day,4.29,63.0,447.5,0.087,4,1
M-08,Hokuto,day,4.63,63.0,452.8,0.071,4,1
M-03,Brunner,night,3.85,60.5,497.0,0.139,11,0
M-01,Hokuto,day,3.79,64.0,441.2,0.053,6,1
M-04,Brunner,night,3.51,59.7,546.9,0.059,3,0
M-06,Voss,night,2.91,62.6,529.8,0.09,2,0
M-01,Hokuto,night,4.06,62.5,538.1,0.065,6,0
M-06,Voss,day,2.1,57.3,569.1,0.035,2,0
M-06,Voss,day,1.74,60.7,503.1,0.035,2,0
M-04,Brunner,day,3.18,59.8,533.4,0.061,3,0
M-04,Brunner,night,3.29,60.5,566.6,0.113,3,0
M-05,Voss,day,3.39,59.6,477.9,0.094,5,1
M-05,Voss,day,3.28,58.3,412.3,0.016,5,0
M-03,Brunner,day,3.3,60.3,434.0,0.126,11,0
M-03,Brunner,night,4.53,60.2,501.1,0.142,11,1
M-04,Brunner,night,3.82,59.6,524.1,0.074,3,0
M-02,Hokuto,day,4.4,58.8,439.1,0.053,4,1
M-03,Brunner,night,3.8,64.1,526.9,0.134,11,0
M-05,Voss,night,2.53,56.1,544.9,0.046,5,0
M-03,Brunner,day,3.11,64.1,403.7,0.071,11,0
M-05,Voss,day,3.59,53.9,441.0,0.077,5,0
M-05,Voss,day,3.3,55.8,474.5,0.051,5,0
M-07,Brunner,night,4.49,63.8,463.1,0.127,12,1
M-01,Hokuto,day,3.4,65.9,553.3,0.055,6,0
M-06,Voss,night,3.27,55.2,503.3,0.07,2,1
M-04,Brunner,night,3.5,59.6,538.6,0.083,3,1
M-08,Hokuto,night,3.88,59.4,420.2,0.089,4,1
M-04,Brunner,day,2.48,56.3,507.4,0.075,3,0
M-03,Brunner,day,4.61,67.2,502.1,0.106,11,1
M-06,Voss,night,3.24,59.9,604.9,0.075,2,1
M-01,Hokuto,day,4.2,64.0,481.7,0.071,6,1
M-02,Hokuto,day,3.26,59.8,506.3,0.077,4,1
M-08,Hokuto,night,3.31,62.9,532.2,0.073,4,1
M-05,Voss,night,3.67,60.7,459.9,0.084,5,0
M-08,Hokuto,night,3.26,59.9,552.1,0.064,4,0
M-01,Hokuto,day,4.0,66.1,433.4,0.082,6,1
M-08,Hokuto,night,3.18,56.4,508.6,0.057,4,0
M-01,Hokuto,night,3.96,68.3,472.0,0.09,6,1
M-03,Brunner,day,4.91,67.2,482.6,0.102,11,1
M-06,Voss,day,3.03,54.4,617.2,0.076,2,0
M-02,Hokuto,day,3.12,60.8,530.4,0.101,4,0
M-04,Brunner,day,3.02,59.2,502.8,0.088,3,0
M-06,Voss,day,3.03,61.4,501.8,0.062,2,0
M-05,Voss,night,3.62,64.9,473.1,0.071,5,1
M-03,Brunner,day,4.06,63.2,485.1,0.095,11,0
M-02,Hokuto,day,2.76,61.9,566.3,0.09,4,0
M-03,Brunner,night,5.19,66.2,444.7,0.078,11,1
M-08,Hokuto,night,3.42,62.4,567.5,0.064,4,0
M-06,Voss,day,3.27,58.8,522.5,0.065,2,0
M-07,Brunner,day,3.75,62.9,439.0,0.138,12,1
M-07,Brunner,night,4.06,64.6,488.7,0.145,12,1
M-08,Hokuto,day,2.4,60.7,471.6,0.054,4,0
M-04,Brunner,night,2.97,57.9,497.7,0.087,3,0
M-08,Hokuto,night,3.92,63.9,497.3,0.114,4,1
M-01,Hokuto,night,4.16,57.9,481.2,0.06,6,1
M-03,Brunner,night,4.47,65.8,463.1,0.131,11,1
M-02,Hokuto,day,3.46,62.1,477.7,0.063,4,1
M-05,Voss,night,2.59,59.6,446.0,0.08,5,0
M-06,Voss,night,4.11,53.9,432.5,0.049,2,1
M-06,Voss,night,3.05,62.7,507.6,0.047,2,0
M-01,Hokuto,day,3.44,58.9,438.4,0.043,6,0
M-01,Hokuto,day,2.94,57.1,558.9,0.068,6,0
M-06,Voss,day,4.1,54.7,560.3,0.057,2,0
M-08,Hokuto,night,2.76,55.7,498.2,0.113,4,0
M-04,Brunner,day,2.56,63.3,508.8,0.095,3,0
M-05,Voss,night,2.64,63.5,523.4,0.122,5,0
M-03,Brunner,night,3.36,64.5,459.0,0.077,11,0
M-04,Brunner,day,2.93,59.1,586.6,0.02,3,0
M-07,Brunner,night,4.77,69.6,444.1,0.125,12,1
M-03,Brunner,night,4.63,64.2,459.9,0.095,11,1
M-03,Brunner,day,4.49,60.2,443.6,0.106,11,0
M-05,Voss,day,3.83,62.1,437.6,0.049,5,1
M-06,Voss,day,3.19,59.8,477.3,0.033,2,0
M-01,Hokuto,day,4.49,63.6,552.1,0.108,6,1
M-04,Brunner,night,3.39,58.5,472.3,0.088,3,0
M-01,Hokuto,day,3.17,57.6,436.8,0.068,6,0
M-05,Voss,night,3.85,62.0,460.1,0.106,5,1
M-07,Brunner,day,3.98,66.4,519.8,0.122,12,1
M-05,Voss,night,3.66,59.6,516.8,0.074,5,1
M-04,Brunner,day,2.46,60.7,515.4,0.07,3,0
M-07,Brunner,day,4.47,62.7,512.9,0.084,12,1
M-05,Voss,night,2.57,64.6,462.8,0.086,5,1
M-06,Voss,night,2.61,61.0,493.2,0.068,2,0
M-08,Hokuto,night,3.99,52.8,495.7,0.103,4,1
M-06,Voss,day,3.5,65.1,479.7,0.061,2,0
M-06,Voss,night,2.75,59.5,508.9,0.088,2,0
M-07,Brunner,day,4.08,60.4,474.2,0.094,12,1
M-05,Voss,day,3.88,59.2,498.7,0.056,5,1
M-04,Brunner,day,3.51,57.8,493.7,0.056,3,0
M-08,Hokuto,night,3.81,64.1,492.4,0.043,4,1
M-06,Voss,day,3.65,57.3,505.4,0.058,2,0
M-08,Hokuto,day,3.17,59.4,461.3,0.036,4,0
M-07,Brunner,day,3.0,58.3,439.0,0.069,12,0
M-07,Brunner,night,3.78,67.1,434.3,0.14,12,1
M-05,Voss,night,2.81,64.4,502.9,0.08,5,0
M-03,Brunner,night,4.02,64.8,476.6,0.087,11,1
M-06,Voss,night,3.31,60.4,530.7,0.063,2,1
M-06,Voss,day,2.7,60.3,544.4,0.066,2,0
M-08,Hokuto,day,3.79,60.5,464.2,0.079,4,0
M-06,Voss,day,2.59,61.4,531.4,0.064,2,0
M-08,Hokuto,night,2.86,63.4,523.0,0.087,4,1
M-07,Brunner,day,4.87,68.4,482.4,0.074,12,1
M-06,Voss,day,3.26,61.6,523.5,0.095,2,1
M-05,Voss,night,3.28,65.5,528.2,0.101,5,0
M-06,Voss,day,3.25,60.2,426.8,0.076,2,0
M-08,Hokuto,night,2.61,61.7,513.4,0.068,4,0
M-05,Voss,day,3.75,62.4,471.6,0.073,5,0
M-04,Brunner,day,3.95,64.7,481.9,0.076,3,1
M-07,Brunner,night,4.64,68.2,543.8,0.166,12,1
M-05,Voss,night,3.27,64.0,518.7,0.063,5,0
M-01,Hokuto,day,3.58,58.8,546.4,0.069,6,0
M-02,Hokuto,day,3.61,59.1,479.6,0.068,4,1
M-01,Hokuto,night,3.93,60.3,450.0,0.112,6,1
M-07,Brunner,day,3.75,69.4,447.7,0.09,12,1
M-05,Voss,night,4.07,58.1,522.8,0.094,5,1
M-07,Brunner,day,3.96,66.4,490.3,0.077,12,1
M-07,Brunner,day,4.61,65.7,442.8,0.083,12,1
M-04,Brunner,night,2.73,60.1,463.7,0.095,3,0
M-07,Brunner,night,5.25,60.9,397.5,0.112,12,1
M-04,Brunner,night,3.76,63.3,531.1,0.075,3,0
M-04,Brunner,day,3.28,60.0,458.1,0.059,3,1
M-04,Brunner,night,2.99,61.1,534.5,0.071,3,1
M-01,Hokuto,day,3.02,68.5,521.2,0.111,6,1
M-07,Brunner,night,4.13,65.5,488.9,0.144,12,1
M-07,Brunner,night,3.88,69.1,416.9,0.139,12,1
M-07,Brunner,day,4.22,61.1,535.9,0.083,12,0
M-08,Hokuto,night,3.28,58.4,565.3,0.109,4,0
M-03,Brunner,day,4.95,63.3,437.8,0.131,11,1
M-08,Hokuto,night,2.83,66.1,558.5,0.087,4,1
M-04,Brunner,night,3.08,62.0,516.8,0.097,3,1
M-05,Voss,night,2.67,56.3,493.3,0.055,5,0
M-01,Hokuto,day,3.62,65.6,445.9,0.043,6,1
M-01,Hokuto,night,3.54,64.9,524.1,0.089,6,1
M-04,Brunner,day,3.14,56.2,513.2,0.067,3,0
M-04,Brunner,night,3.6,61.8,551.3,0.119,3,1
M-06,Voss,night,2.75,55.2,552.0,0.061,2,0
M-05,Voss,night,3.52,56.3,514.0,0.089,5,0
M-06,Voss,day,2.99,58.1,540.3,0.071,2,0
M-07,Brunner,day,4.78,67.9,485.4,0.084,12,1
M-08,Hokuto,day,3.61,61.0,505.8,0.045,4,1
M-05,Voss,night,3.44,59.1,493.6,0.1,5,1
M-03,Brunner,day,4.17,64.4,523.7,0.057,11,0
M-07,Brunner,night,4.2,62.4,467.0,0.1,12,1
M-02,Hokuto,day,2.94,59.8,543.5,0.087,4,0
M-05,Voss,day,2.94,62.5,583.3,0.07,5,0
M-03,Brunner,day,4.19,62.8,453.3,0.102,11,1
M-04,Brunner,night,3.41,51.9,572.5,0.056,3,0
M-05,Voss,night,3.46,61.5,535.8,0.081,5,0
M-07,Brunner,night,4.55,60.2,485.6,0.14,12,1
M-05,Voss,day,3.23,60.0,490.4,0.095,5,0
M-05,Voss,day,3.0,61.7,507.1,0.083,5,0
M-01,Hokuto,night,2.87,70.0,541.3,0.106,6,1
M-05,Voss,day,2.77,63.5,495.0,0.102,5,0
M-07,Brunner,day,3.42,68.2,444.5,0.109,12,1
M-07,Brunner,night,5.09,68.8,437.0,0.15,12,1
M-01,Hokuto,day,3.84,60.9,422.1,0.073,6,1
M-05,Voss,day,2.69,59.5,459.4,0.087,5,0
M-04,Brunner,night,2.44,64.5,605.6,0.107,3,1
M-02,Hokuto,day,2.85,63.0,490.8,0.053,4,0
M-03,Brunner,day,4.79,55.1,480.2,0.099,11,1
M-08,Hokuto,night,2.8,67.2,497.2,0.099,4,1
M-06,Voss,day,3.08,61.9,492.4,0.05,2,0
M-06,Voss,night,2.74,60.6,551.9,0.125,2,0
M-07,Brunner,day,3.94,60.7,520.8,0.088,12,1
M-07,Brunner,day,3.97,62.9,507.4,0.103,12,1
M-02,Hokuto,night,2.53,60.3,483.0,0.112,4,0
M-03,Brunner,day,3.5,62.0,470.8,0.108,11,1
M-05,Voss,night,3.93,61.3,574.2,0.121,5,1
M-08,Hokuto,night,3.23,56.0,516.6,0.062,4,0
M-07,Brunner,day,4.63,63.1,443.8,0.062,12,1
M-05,Voss,day,3.56,61.5,509.3,0.088,5,0
M-05,Voss,day,3.57,60.3,563.0,0.032,5,0
M-01,Hokuto,night,4.61,60.4,422.1,0.096,6,1
M-01,Hokuto,day,3.75,61.5,496.9,0.071,6,0
M-05,Voss,day,2.63,61.1,526.7,0.113,5,0
M-01,Hokuto,day,3.46,63.7,523.7,0.078,6,1
M-02,Hokuto,day,2.59,59.6,482.8,0.057,4,1
M-05,Voss,day,2.8,63.4,464.2,0.087,5,0
M-02,Hokuto,night,3.33,60.7,431.5,0.085,4,1
M-04,Brunner,night,3.92,56.9,575.4,0.07,3,1
M-04,Brunner,day,3.81,60.9,497.8,0.072,3,0
M-04,Brunner,day,3.81,61.7,496.4,0.056,3,1
M-03,Brunner,night,3.79,64.4,520.9,0.112,11,1
M-08,Hokuto,day,4.08,66.8,498.2,0.084,4,1
M-01,Hokuto,day,3.24,62.3,466.0,0.057,6,1
M-06,Voss,night,3.86,58.4,515.0,0.078,2,1
M-01,Hokuto,day,3.79,64.4,532.9,0.107,6,1
M-02,Hokuto,night,2.87,62.8,511.9,0.088,4,0
M-08,Hokuto,night,2.74,62.9,403.5,0.094,4,0
M-08,Hokuto,day,2.73,61.6,545.0,0.077,4,0
M-02,Hokuto,day,2.72,60.3,466.8,0.063,4,0
M-03,Brunner,day,4.26,66.3,523.3,0.069,11,1
M-04,Brunner,night,2.82,52.5,477.0,0.08,3,0
M-07,Brunner,night,3.43,63.4,455.1,0.121,12,1
M-03,Brunner,night,3.37,61.2,498.0,0.107,11,0
M-05,Voss,night,3.53,56.0,628.8,0.091,5,0
M-07,Brunner,day,5.0,65.9,429.5,0.082,12,1
M-07,Brunner,day,3.64,68.2,515.5,0.108,12,0
M-04,Brunner,night,3.77,57.6,550.7,0.085,3,0
M-08,Hokuto,night,3.45,61.9,539.9,0.108,4,0
M-05,Voss,day,3.0,54.9,496.7,0.095,5,0
M-03,Brunner,day,4.26,66.4,494.5,0.084,11,1
M-02,Hokuto,night,2.59,60.1,519.2,0.095,4,0
M-07,Brunner,day,4.82,66.5,522.9,0.081,12,1
M-02,Hokuto,day,3.51,63.4,425.3,0.073,4,1
M-06,Voss,day,3.16,57.1,479.8,0.046,2,0
M-07,Brunner,night,3.65,67.5,476.0,0.141,12,1
M-03,Brunner,day,4.48,58.8,506.9,0.107,11,1
M-05,Voss,day,3.27,65.2,543.1,0.066,5,1
M-04,Brunner,day,2.83,60.2,510.3,0.012,3,0
M-04,Brunner,night,3.72,58.0,521.0,0.116,3,1
M-06,Voss,day,2.98,56.6,500.3,0.063,2,0
M-08,Hokuto,night,3.43,57.3,460.6,0.122,4,0
M-01,Hokuto,day,3.11,56.0,456.1,0.09,6,0
M-04,Brunner,night,3.04,61.0,463.9,0.086,3,0
M-07,Brunner,night,3.58,67.2,479.3,0.079,12,1
M-01,Hokuto,day,3.61,57.7,456.4,0.111,6,0
M-07,Brunner,day,5.11,62.9,419.1,0.122,12,1
M-05,Voss,day,2.61,57.2,542.8,0.06,5,0
M-05,Voss,day,3.48,57.6,475.6,0.062,5,0
M-04,Brunner,night,3.56,61.0,520.7,0.098,3,1
M-01,Hokuto,day,3.34,64.6,453.7,0.09,6,0
M-01,Hokuto,day,3.65,64.0,542.7,0.012,6,0
M-02,Hokuto,night,2.65,60.1,621.8,0.1,4,0
M-01,Hokuto,day,3.6,63.3,467.8,0.089,6,0
M-05,Voss,day,4.16,62.3,536.6,0.075,5,1
M-04,Brunner,night,3.13,56.5,495.1,0.112,3,0
M-05,Voss,day,3.04,62.2,466.1,0.066,5,0
M-04,Brunner,night,2.46,55.5,490.4,0.064,3,0
M-03,Brunner,night,3.8,61.4,440.9,0.069,11,1
M-07,Brunner,night,5.03,68.4,441.8,0.063,12,1
M-01,Hokuto,day,3.55,57.6,519.5,0.065,6,0
M-03,Brunner,night,4.02,66.4,524.4,0.094,11,1
M-03,Brunner,day,3.61,65.6,523.2,0.061,11,1
M-06,Voss,night,2.75,61.7,613.6,0.088,2,0
M-03,Brunner,day,3.85,69.8,539.0,0.092,11,1
M-06,Voss,night,2.77,61.3,488.2,0.074,2,0
M-04,Brunner,day,3.41,64.5,482.6,0.046,3,0
M-04,Brunner,night,3.12,61.6,446.7,0.065,3,0
M-04,Brunner,night,2.49,55.0,515.6,0.062,3,0
M-04,Brunner,night,2.87,62.1,541.6,0.097,3,1
M-01,Hokuto,day,3.74,63.7,511.8,0.082,6,0
M-08,Hokuto,day,2.96,58.3,461.3,0.072,4,0
M-08,Hokuto,night,3.61,56.2,546.5,0.096,4,0
M-04,Brunner,night,3.01,61.4,523.0,0.035,3,1
M-06,Voss,day,3.02,58.1,592.0,0.089,2,0
M-07,Brunner,day,4.11,64.1,425.1,0.08,12,1
M-05,Voss,night,3.67,55.2,546.5,0.116,5,1
M-01,Hokuto,night,4.19,59.7,510.1,0.106,6,1
M-06,Voss,night,3.08,60.6,522.3,0.099,2,1
M-08,Hokuto,night,2.95,62.3,558.1,0.119,4,0
M-04,Brunner,night,2.5,58.6,438.3,0.061,3,1
M-08,Hokuto,night,3.16,60.8,456.0,0.106,4,1
M-07,Brunner,night,4.02,72.8,389.0,0.126,12,1
M-08,Hokuto,night,2.96,60.5,482.3,0.061,4,0
M-04,Brunner,day,3.13,61.5,467.8,0.084,3,0
M-06,Voss,day,2.92,55.0,428.6,0.068,2,0
M-07,Brunner,day,4.94,65.6,396.2,0.076,12,1
M-05,Voss,day,3.42,60.0,467.0,0.079,5,0
M-06,Voss,night,3.32,54.6,497.2,0.083,2,1
M-08,Hokuto,night,2.5,62.0,528.3,0.069,4,0
M-02,Hokuto,day,3.36,62.0,500.3,0.084,4,1
M-08,Hokuto,night,2.64,59.1,488.3,0.098,4,1
M-08,Hokuto,day,3.49,53.8,490.4,0.086,4,0
M-05,Voss,night,3.68,61.3,524.6,0.096,5,1
M-02,Hokuto,day,3.21,60.1,585.8,0.088,4,0
M-06,Voss,night,3.09,60.9,411.3,0.076,2,0
M-06,Voss,day,3.19,58.2,526.9,0.053,2,0
M-07,Brunner,night,4.42,63.4,529.0,0.131,12,1
M-05,Voss,night,3.86,61.0,476.6,0.075,5,0
M-07,Brunner,night,3.72,66.3,407.6,0.16,12,1
M-04,Brunner,day,4.19,63.2,516.3,0.058,3,0
M-04,Brunner,day,3.1,59.8,543.8,0.057,3,0
M-03,Brunner,day,5.13,64.8,505.2,0.09,11,1
M-01,Hokuto,day,3.61,61.7,493.6,0.053,6,0
M-01,Hokuto,day,3.79,61.4,525.6,0.093,6,1
M-02,Hokuto,day,3.07,57.2,474.5,0.064,4,0
M-07,Brunner,day,3.83,64.0,455.8,0.105,12,1
M-05,Voss,day,3.11,65.9,505.2,0.087,5,0
M-01,Hokuto,day,3.67,58.3,471.5,0.063,6,0
M-08,Hokuto,night,2.95,60.3,519.0,0.062,4,1
M-01,Hokuto,night,3.97,66.9,461.4,0.134,6,1
M-04,Brunner,day,3.79,51.8,411.7,0.052,3,0
M-08,Hokuto,day,3.47,59.9,512.7,0.073,4,0
M-07,Brunner,day,4.86,65.9,495.4,0.07,12,1
M-04,Brunner,day,2.6,60.2,451.6,0.043,3,0
M-05,Voss,night,3.8,60.2,431.4,0.062,5,0
M-06,Voss,night,3.34,53.1,506.0,0.109,2,0
M-03,Brunner,day,3.28,66.8,465.7,0.093,11,0
M-08,Hokuto,night,2.97,60.2,579.7,0.143,4,0
M-08,Hokuto,night,2.78,67.5,496.5,0.108,4,0
M-05,Voss,night,3.24,58.5,520.8,0.104,5,1
M-03,Brunner,day,3.45,66.6,478.0,0.087,11,1
M-04,Brunner,night,3.75,57.5,509.5,0.053,3,0
M-04,Brunner,day,1.99,57.7,522.7,0.029,3,0
M-08,Hokuto,day,2.35,60.3,520.4,0.079,4,0
M-04,Brunner,night,3.31,59.8,496.2,0.055,3,1
M-01,Hokuto,night,3.56,63.0,509.4,0.074,6,0
M-02,Hokuto,day,3.53,61.2,555.4,0.079,4,0
M-02,Hokuto,night,3.43,63.8,555.2,0.08,4,0
M-01,Hokuto,day,3.34,63.6,447.7,0.078,6,0
M-02,Hokuto,day,2.72,63.3,509.0,0.086,4,0
M-01,Hokuto,day,3.81,64.6,473.0,0.068,6,0
M-03,Brunner,day,3.37,67.1,483.2,0.097,11,1
M-06,Voss,night,3.24,56.8,495.9,0.084,2,1
M-02,Hokuto,day,3.35,64.7,487.1,0.099,4,0
M-06,Voss,day,2.14,58.9,486.2,0.082,2,0
M-03,Brunner,night,3.21,60.5,545.6,0.16,11,1
M-08,Hokuto,night,3.72,60.7,530.5,0.069,4,1
M-06,Voss,day,2.56,61.4,469.0,0.067,2,0
M-01,Hokuto,night,2.73,59.0,510.1,0.105,6,0
M-02,Hokuto,night,2.56,63.5,440.7,0.097,4,0
M-02,Hokuto,night,3.35,57.9,491.0,0.073,4,1
M-03,Brunner,day,4.26,66.9,506.4,0.094,11,0
M-02,Hokuto,night,3.88,60.8,506.2,0.077,4,1
M-01,Hokuto,night,3.05,57.2,469.3,0.071,6,0
M-07,Brunner,night,4.26,64.8,399.1,0.139,12,1
M-03,Brunner,day,3.88,63.7,472.2,0.086,11,0
M-08,Hokuto,night,2.81,60.6,510.7,0.09,4,0
M-07,Brunner,night,4.35,66.0,414.0,0.139,12,1
M-02,Hokuto,day,3.16,61.6,511.0,0.049,4,0
M-07,Brunner,day,4.19,66.2,517.3,0.131,12,1
M-06,Voss,night,3.11,61.8,546.0,0.096,2,0
M-04,Brunner,day,3.4,58.0,626.0,0.07,3,0
M-06,Voss,night,3.57,61.0,516.7,0.095,2,1
M-03,Brunner,day,3.82,60.9,429.9,0.101,11,0
M-05,Voss,night,3.34,65.2,505.2,0.087,5,1
M-04,Brunner,day,2.92,61.4,466.6,0.057,3,0
M-06,Voss,night,2.36,58.2,508.1,0.101,2,0
M-07,Brunner,day,4.51,63.7,480.8,0.084,12,1
M-06,Voss,day,3.16,62.2,531.5,0.052,2,0
M-05,Voss,day,2.67,62.4,538.4,0.074,5,0
M-04,Brunner,day,2.44,59.0,540.2,0.062,3,0
M-03,Brunner,day,4.44,67.9,434.9,0.087,11,1
M-06,Voss,night,3.03,60.2,487.3,0.09,2,0
M-08,Hokuto,night,2.83,56.5,508.1,0.113,4,0
M-08,Hokuto,night,2.42,63.6,453.4,0.099,4,0
M-07,Brunner,day,4.08,67.3,449.3,0.12,12,1
M-04,Brunner,day,3.52,58.5,447.1,0.062,3,0
M-07,Brunner,night,4.73,66.1,437.6,0.111,12,1
M-07,Brunner,night,3.45,67.3,600.8,0.129,12,1
M-01,Hokuto,day,2.87,61.5,435.6,0.019,6,0
M-08,Hokuto,day,4.13,60.3,467.3,0.032,4,1
M-02,Hokuto,night,2.97,57.0,511.8,0.078,4,0
M-07,Brunner,night,4.26,61.0,519.2,0.099,12,1
M-07,Brunner,day,4.26,70.3,493.5,0.103,12,1
M-04,Brunner,night,3.07,66.0,542.8,0.083,3,1
M-08,Hokuto,day,3.35,61.4,505.9,0.088,4,0
M-03,Brunner,day,3.82,71.5,579.7,0.104,11,1
M-02,Hokuto,day,2.82,61.1,505.4,0.068,4,0
M-03,Brunner,night,5.13,58.1,618.9,0.107,11,1
M-06,Voss,day,2.6,58.5,523.9,0.018,2,0
M-07,Brunner,day,4.38,68.4,512.7,0.062,12,1
M-06,Voss,day,3.54,57.2,508.4,0.057,2,0
M-06,Voss,day,2.83,65.9,449.6,0.076,2,0
M-02,Hokuto,day,2.73,61.4,491.9,0.071,4,0
M-06,Voss,night,3.25,58.9,448.5,0.131,2,0
M-08,Hokuto,day,2.92,60.3,513.9,0.074,4,0
M-02,Hokuto,day,4.15,60.8,463.8,0.079,4,0
M-05,Voss,night,3.78,63.9,450.0,0.1,5,0
M-01,Hokuto,day,3.08,58.1,542.0,0.052,6,0
M-07,Brunner,day,4.1,66.1,430.4,0.112,12,1
M-06,Voss,day,2.86,59.0,564.8,0.064,2,0
M-01,Hokuto,day,3.49,65.7,437.0,0.067,6,0
M-02,Hokuto,night,2.88,57.4,547.6,0.087,4,0
M-08,Hokuto,day,3.05,65.6,497.2,0.063,4,0
M-04,Brunner,day,3.39,58.5,458.6,0.053,3,0
M-05,Voss,night,2.52,58.5,572.5,0.082,5,0
M-07,Brunner,night,4.69,69.4,461.5,0.098,12,1
M-08,Hokuto,day,3.59,61.1,510.8,0.075,4,0
M-01,Hokuto,day,2.96,62.7,497.2,0.06,6,0
M-02,Hokuto,night,3.66,56.6,501.2,0.139,4,1
M-07,Brunner,day,3.97,62.5,555.1,0.138,12,1
M-06,Voss,night,2.65,60.5,473.4,0.045,2,0
M-02,Hokuto,day,4.16,59.9,515.0,0.067,4,1
M-01,Hokuto,night,3.15,63.0,473.1,0.098,6,1
M-03,Brunner,day,2.66,63.3,467.7,0.124,11,0
M-02,Hokuto,day,3.95,59.1,558.0,0.08,4,0
M-08,Hokuto,night,3.1,53.7,455.7,0.126,4,0
M-02,Hokuto,night,3.85,58.5,516.7,0.1,4,1
M-02,Hokuto,night,2.72,64.5,456.5,0.106,4,0
M-08,Hokuto,day,3.48,57.5,480.3,0.053,4,0
M-06,Voss,day,2.9,61.8,480.2,0.044,2,0
M-08,Hokuto,night,3.21,58.3,532.8,0.095,4,1
M-07,Brunner,night,4.74,61.7,495.6,0.115,12,1
M-02,Hokuto,day,3.43,60.8,456.5,0.04,4,0
M-01,Hokuto,night,3.17,65.3,470.9,0.093,6,1
M-08,Hokuto,night,3.0,61.7,488.1,0.124,4,0
M-06,Voss,night,2.91,63.1,467.1,0.09,2,0
M-05,Voss,day,3.5,63.5,508.4,0.065,5,0
M-04,Brunner,night,3.71,55.8,447.2,0.063,3,0
M-08,Hokuto,night,3.36,57.7,489.3,0.086,4,1
M-01,Hokuto,day,3.51,63.2,525.3,0.039,6,1
M-04,Brunner,night,3.58,51.5,482.9,0.071,3,1
M-08,Hokuto,day,3.23,54.9,563.7,0.071,4,0
M-08,Hokuto,night,2.33,61.2,529.5,0.071,4,0
M-05,Voss,night,3.21,59.4,519.7,0.048,5,1
M-05,Voss,night,3.23,60.5,606.5,0.098,5,1
M-03,Brunner,day,4.2,62.1,447.2,0.063,11,0
M-08,Hokuto,day,3.76,61.1,544.5,0.047,4,0
M-08,Hokuto,day,2.94,65.6,497.8,0.025,4,0
M-06,Voss,day,2.25,61.1,569.0,0.019,2,0
M-05,Voss,day,4.24,61.5,412.5,0.08,5,0
M-02,Hokuto,day,4.2,58.6,542.0,0.06,4,1
M-01,Hokuto,night,3.2,59.7,494.2,0.129,6,1
M-02,Hokuto,day,3.11,59.8,553.5,0.044,4,0
M-07,Brunner,night,5.32,61.9,388.7,0.113,12,1
M-08,Hokuto,day,4.01,61.0,465.6,0.09,4,1
M-08,Hokuto,day,3.71,63.8,461.8,0.065,4,0
M-07,Brunner,day,4.07,63.6,430.8,0.122,12,1
M-04,Brunner,night,2.58,62.6,497.7,0.089,3,0
M-03,Brunner,night,4.69,65.2,522.8,0.118,11,1
M-05,Voss,day,3.29,59.5,525.0,0.09,5,0
M-07,Brunner,night,4.92,65.0,414.2,0.157,12,1
M-04,Brunner,night,2.97,61.3,473.8,0.075,3,0
M-05,Voss,day,3.37,57.3,481.2,0.043,5,0
M-07,Brunner,night,4.3,67.0,517.6,0.115,12,1
M-07,Brunner,night,3.97,74.5,377.8,0.112,12,1
M-05,Voss,night,3.65,57.0,496.7,0.092,5,0
M-04,Brunner,day,2.71,57.4,546.9,0.03,3,0
M-03,Brunner,day,3.96,61.9,576.8,0.069,11,1
M-07,Brunner,night,3.39,64.1,491.8,0.075,12,1
M-04,Brunner,day,3.54,55.8,578.6,0.078,3,1
M-02,Hokuto,night,3.73,57.6,534.2,0.053,4,1
M-04,Brunner,night,3.48,60.6,540.9,0.089,3,1
M-02,Hokuto,day,3.42,56.3,498.6,0.086,4,0
M-02,Hokuto,day,3.17,59.2,507.3,0.062,4,0
M-04,Brunner,day,2.68,57.8,502.1,0.052,3,0
M-02,Hokuto,day,3.24,62.1,601.9,0.073,4,0
M-06,Voss,night,2.97,56.4,507.0,0.093,2,0
M-02,Hokuto,day,3.71,58.8,491.0,0.047,4,0
M-04,Brunner,night,3.2,57.3,534.8,0.075,3,0
M-02,Hokuto,night,3.65,61.3,504.4,0.085,4,0
M-03,Brunner,day,3.48,65.2,571.7,0.058,11,1
M-07,Brunner,day,4.02,66.9,444.9,0.097,12,1
M-05,Voss,day,3.56,64.4,498.3,0.075,5,0
M-08,Hokuto,day,3.03,65.0,484.9,0.067,4,0
M-05,Voss,day,3.4,60.8,493.0,0.09,5,0
M-06,Voss,day,3.16,61.7,465.2,0.048,2,0
M-05,Voss,day,3.27,58.8,545.5,0.079,5,0
M-01,Hokuto,night,4.01,60.1,590.5,0.092,6,1
M-08,Hokuto,day,3.71,58.9,533.0,0.079,4,0
M-04,Brunner,day,2.82,59.8,517.7,0.032,3,0
M-02,Hokuto,night,3.68,60.0,485.1,0.103,4,1
M-02,Hokuto,day,4.38,60.3,511.8,0.057,4,1
M-04,Brunner,night,3.39,60.6,469.2,0.074,3,0
M-02,Hokuto,night,3.87,58.5,481.4,0.099,4,1
M-01,Hokuto,day,2.82,63.9,486.4,0.091,6,0
M-06,Voss,day,2.77,58.9,539.3,0.084,2,0
M-07,Brunner,night,5.32,62.0,445.2,0.099,12,1
M-08,Hokuto,night,3.98,62.8,524.9,0.112,4,1
M-06,Voss,day,2.84,57.6,507.7,0.049,2,0
M-07,Brunner,day,3.53,63.2,443.6,0.103,12,1
M-01,Hokuto,night,2.94,67.4,535.6,0.109,6,1
M-03,Brunner,day,4.4,66.1,482.9,0.089,11,1
M-06,Voss,day,2.89,62.4,563.1,0.044,2,0
M-06,Voss,day,3.72,59.9,483.7,0.055,2,0
M-01,Hokuto,day,2.88,61.3,407.1,0.065,6,0
M-06,Voss,night,3.23,57.4,500.1,0.085,2,0
M-06,Voss,day,3.14,56.5,471.9,0.056,2,0
M-07,Brunner,day,4.4,64.6,529.5,0.097,12,1
M-06,Voss,day,2.02,60.6,544.7,0.036,2,0
M-01,Hokuto,day,2.84,56.8,449.2,0.08,6,0
M-02,Hokuto,night,3.0,57.5,493.5,0.073,4,0
M-04,Brunner,night,3.31,57.8,530.9,0.088,3,0
M-02,Hokuto,day,3.12,60.5,557.8,0.1,4,0
M-03,Brunner,night,3.09,64.1,505.7,0.075,11,1
M-06,Voss,night,2.9,56.3,483.1,0.071,2,0
M-02,Hokuto,night,2.82,55.3,417.7,0.1,4,1
M-01,Hokuto,day,4.01,61.4,518.5,0.061,6,1
M-02,Hokuto,night,3.07,60.7,529.4,0.094,4,0
M-07,Brunner,day,3.5,69.1,465.1,0.124,12,1
M-02,Hokuto,day,3.2,62.2,519.8,0.079,4,0
M-08,Hokuto,night,3.26,64.4,457.3,0.06,4,0
M-07,Brunner,day,3.98,65.4,402.9,0.11,12,0
M-01,Hokuto,night,3.17,68.0,504.9,0.083,6,1
M-08,Hokuto,day,3.91,59.8,511.8,0.087,4,0
M-02,Hokuto,night,2.99,58.5,531.8,0.109,4,1
